<?xml version="1.0" encoding="UTF-8"?>
<!DOCTYPE hibernate-mapping PUBLIC "-//Hibernate/Hibernate Mapping DTD 3.0//EN"
          "http://hibernate.sourceforge.net/hibernate-mapping-3.0.dtd">
<hibernate-mapping>
	<class name="booking.bean.Schedule" table="Schedule">
	    <id name="id" type="java.lang.Long">
	        <column name="id" />
			<generator class="native" />
	    </id>
	    <property generated="never" name="bookingDate" lazy="false" type="java.util.Date">
	        <column name="bookingDate"/>
	    </property>
	    <many-to-one class="booking.bean.User" name="student" fetch="select" lazy="false">
	        <column name="student"></column>
	    </many-to-one>
	    <many-to-one class="booking.bean.User" name="professor" fetch="select" lazy="false">
	        <column name="professor"></column>
	    </many-to-one>
	    <property generated="never" name="context" lazy="false" type="java.lang.String" length="255">
	        <column name="context"></column>
	    </property>
	    <property generated="never" name="status" lazy="false" type="java.lang.Integer" length="5">
	        <column name="status"></column>
	    </property>
	</class>
</hibernate-mapping>