<?xml version="1.0" encoding="UTF-8"?>
<beans xmlns="http://www.springframework.org/schema/beans"
	xmlns:xsi="http://www.w3.org/2001/XMLSchema-instance" xmlns:util="http://www.springframework.org/schema/util"
	xmlns:context="http://www.springframework.org/schema/context"
	xmlns:jdbc="http://www.springframework.org/schema/jdbc" xmlns:jee="http://www.springframework.org/schema/jee"
	xmlns:tx="http://www.springframework.org/schema/tx" xmlns:task="http://www.springframework.org/schema/task"
	xmlns:aop="http://www.springframework.org/schema/aop"
	xsi:schemaLocation="http://www.springframework.org/schema/jdbc http://www.springframework.org/schema/jdbc/spring-jdbc-4.0.xsd
		http://www.springframework.org/schema/jee http://www.springframework.org/schema/jee/spring-jee-4.0.xsd
		http://www.springframework.org/schema/task http://www.springframework.org/schema/task/spring-task-4.0.xsd
		http://www.springframework.org/schema/beans http://www.springframework.org/schema/beans/spring-beans-4.0.xsd
		http://www.springframework.org/schema/context http://www.springframework.org/schema/context/spring-context-4.0.xsd
		http://www.springframework.org/schema/aop http://www.springframework.org/schema/aop/spring-aop-4.0.xsd
		http://www.springframework.org/schema/tx http://www.springframework.org/schema/tx/spring-tx-4.0.xsd
		http://www.springframework.org/schema/util http://www.springframework.org/schema/util/spring-util-4.0.xsd">
	<description>application context configuration</description>
	<!-- deploy annotation -->
	<!-- methods with schedule annotation will run in order -->
	<task:annotation-driven />
	<context:annotation-config />
	
	<!-- deploy data source, create connection pool by jdbc -->
	<bean id="dataSource" class="org.apache.tomcat.jdbc.pool.DataSource" destroy-method="close">
	<!-- deploy some necessary parameters in database -->
		<property name="driverClassName" value="${jdbc.driver}"/>
		<property name="url" value="${jdbc.url}"/>
		<property name="username" value="${jdbc.username}"/>
		<property name="password" value="${jdbc.password}"/>
		
		<property name="maxActive" value="${jdbc.pool.maxActive}" />
		<property name="maxIdle" value="${jdbc.pool.maxIdle}" />
		<property name="minIdle" value="0" />
		<property name="defaultAutoCommit" value="false" />
		
		<property name="dbProperties">
			<props>
				<prop key="ResultSetMetaDataOptions">1</prop>
			</props>
		</property>		
	</bean>

	<!-- deploy sessionFactory to operate database -->
	<bean id="sessionFactory" class="org.springframework.orm.hibernate5.LocalSessionFactoryBean">
		<property name="dataSource" ref="dataSource"/>
		<property name="packagesToScan" value="booking.dao" />
		<property name="mappingLocations" value="classpath*:/hibernate/*.hbm.xml"/>
		<!-- <property name="annotatedClasses">
            <list>
                <value>rss.bean.RssObject</value>
            </list>
        </property> -->
		<property name="hibernateProperties">
			<props>
				<prop key="hibernate.hbm2ddl.auto">none</prop>
		        <prop key="hibernate.dialect">org.hibernate.dialect.MySQLDialect</prop>
		        
		        <!-- sql generated by Hibernate persistence -->
		        <prop key="hibernate.show_sql">false</prop>
		        
		        <!-- format sql script and output it -->
		        <prop key="hibernate.format_sql">true</prop>
		        <prop key="hibernate.use_sql_comments">true</prop>
		        <prop key="hibernate.temp.use_jdbc_metadata_defaults">false</prop>
			</props>
		</property>
	</bean>
	<bean id="" class="org.springframework.orm.hibernate5.HibernateTemplate">
	    <property name="sessionFactory" ref="sessionFactory"/>
	</bean>
	
	<bean id="transactionManager" class="org.springframework.orm.hibernate5.HibernateTransactionManager">
		<property name="sessionFactory" ref="sessionFactory"></property>
		<property name="dataSource" ref="dataSource"/>
	</bean>

	<bean id="persistenceExceptionTranslationPostProcessor" class="org.springframework.dao.annotation.PersistenceExceptionTranslationPostProcessor" />
	<!-- import database configuration -->
	<context:property-placeholder ignore-unresolvable="true" file-encoding="utf-8" location="classpath:jdbc.properties" />
</beans>