<?xml version="1.0" encoding="UTF-8"?>
<beans xmlns="http://www.springframework.org/schema/beans"
	xmlns:p="http://www.springframework.org/schema/p" xmlns:xsi="http://www.w3.org/2001/XMLSchema-instance"
	xmlns:context="http://www.springframework.org/schema/context"
	xmlns:mvc="http://www.springframework.org/schema/mvc"
	xmlns:tx="http://www.springframework.org/schema/tx"
	xmlns:websocket="http://www.springframework.org/schema/websocket"
	xsi:schemaLocation="http://www.springframework.org/schema/mvc http://www.springframework.org/schema/mvc/spring-mvc-4.0.xsd
		http://www.springframework.org/schema/beans http://www.springframework.org/schema/beans/spring-beans-4.0.xsd
		http://www.springframework.org/schema/tx http://www.springframework.org/schema/tx/spring-tx-4.0.xsd
		http://www.springframework.org/schema/websocket http://www.springframework.org/schema/websocket/spring-websocket.xsd
		http://www.springframework.org/schema/context http://www.springframework.org/schema/context/spring-context-4.0.xsd">
	<!-- start IOC scanning -->
	<context:component-scan base-package="booking.*"/>
	<!-- add annotation driven which lets classes can understand annotations -->
	<mvc:annotation-driven/>
	<mvc:default-servlet-handler />
	<tx:annotation-driven transaction-manager="transactionManager" />
	<mvc:interceptors>
		<mvc:interceptor>
			<mvc:mapping path="/**"/>
			<mvc:exclude-mapping path="/welcome/login"/>
			<mvc:exclude-mapping path="/**/login"/>
			<mvc:exclude-mapping path="/*/register"/>
			<mvc:exclude-mapping path="/*/doRegister"/>
			<mvc:exclude-mapping path="/welcome/handleLogin"/>
			<mvc:exclude-mapping path="/welcome/logout"/>
			<mvc:exclude-mapping path="/asset/**"/>
			<bean class="booking.interceptors.RequestInterceptor"></bean>
		</mvc:interceptor>
	</mvc:interceptors>
	<!-- start configuration -->
	<tx:annotation-driven transaction-manager="transactionManager" proxy-target-class="true"/>
	<!-- deploy views' returning url -->
	<bean id="jspResolver" class="org.springframework.web.servlet.view.InternalResourceViewResolver">
		<property name="prefix" value="/WEB-INF/views/"/>
		<property name="suffix" value=".jsp"/>
	</bean>
	
	<!-- deploy uploaded file property -->
	<bean id="multipartResolver" class="org.springframework.web.multipart.commons.CommonsMultipartResolver">
		<property name="defaultEncoding" value="UTF-8" />
		<property name="maxUploadSize" value="200000000" />
	</bean>
</beans>